Region,Zone/Sub City,Woreda
Addis Ababa,Addis Ketema,Woreda 01
Addis Ababa,Addis Ketema,Woreda 02
Addis Ababa,Addis Ketema,Woreda 03
Addis Ababa,Addis Ketema,Woreda 04
Addis Ababa,Addis Ketema,Woreda 05
Addis Ababa,Addis Ketema,Woreda 06
Addis Ababa,Addis Ketema,Woreda 07
Addis Ababa,Addis Ketema,Woreda 08
Addis Ababa,Addis Ketema,Woreda 09
Addis Ababa,Addis Ketema,Woreda 10
Addis Ababa,Addis Ketema,Woreda 11
Addis Ababa,Addis Ketema,Woreda 12
Addis Ababa,Addis Ketema,Woreda 13
Addis Ababa,Addis Ketema,Woreda 14
Addis Ababa,Addis Ketema,Woreda 15
Addis Ababa,Addis Ketema,Woreda 16
Addis Ababa,Addis Ketema,Woreda 17
Addis Ababa,Addis Ketema,Woreda 18
Addis Ababa,Addis Ketema,Woreda 19
Addis Ababa,Addis Ketema,Woreda 20
Addis Ababa,Addis Ketema,Woreda 21
Addis Ababa,Akaki Kality,Woreda 01
Addis Ababa,Akaki Kality,Woreda 02
Addis Ababa,Akaki Kality,Woreda 03
Addis Ababa,Akaki Kality,Woreda 04
Addis Ababa,Akaki Kality,Woreda 05
Addis Ababa,Akaki Kality,Woreda 06
Addis Ababa,Akaki Kality,Woreda 07
Addis Ababa,Akaki Kality,Woreda 08
Addis Ababa,Akaki Kality,Woreda 09
Addis Ababa,Akaki Kality,Woreda 10
Addis Ababa,Akaki Kality,Woreda 11
Addis Ababa,Akaki Kality,Woreda 12
Addis Ababa,Akaki Kality,Woreda 13
Addis Ababa,Akaki Kality,Woreda 17 - Kilinto
Addis Ababa,Akaki Kality,Woreda 18 - Feche Koye
Addis Ababa,Akaki Kality,Woreda 19 - Gelangora
Addis Ababa,Arada,Woreda 01
Addis Ababa,Arada,Woreda 02
Addis Ababa,Arada,Woreda 03
Addis Ababa,Arada,Woreda 04
Addis Ababa,Arada,Woreda 05
Addis Ababa,Arada,Woreda 06
Addis Ababa,Arada,Woreda 07
Addis Ababa,Arada,Woreda 08
Addis Ababa,Arada,Woreda 09
Addis Ababa,Arada,Woreda 10
Addis Ababa,Arada,Woreda 11
Addis Ababa,Arada,Woreda 12
Addis Ababa,Arada,Woreda 13
Addis Ababa,Arada,Woreda 14
Addis Ababa,Arada,Woreda 15
Addis Ababa,Arada,Woreda 16
Addis Ababa,Arada,Woreda 17
Addis Ababa,Bole,Woreda 01
Addis Ababa,Bole,Woreda 02
Addis Ababa,Bole,Woreda 03
Addis Ababa,Bole,Woreda 04
Addis Ababa,Bole,Woreda 05
Addis Ababa,Bole,Woreda 06
Addis Ababa,Bole,Woreda 07
Addis Ababa,Bole,Woreda 08
Addis Ababa,Bole,Woreda 09
Addis Ababa,Bole,Woreda 10
Addis Ababa,Bole,Woreda 11
Addis Ababa,Bole,Woreda 12
Addis Ababa,Bole,Woreda 13
Addis Ababa,Bole,Woreda 14
Addis Ababa,Bole,Woreda 15
Addis Ababa,Bole,Woreda 16
Addis Ababa,Bole,Woreda 17
Addis Ababa,Bole,Woreda 18
Addis Ababa,Bole,Woreda 19
Addis Ababa,Bole,Woreda 20
Addis Ababa,Bole,Woreda 21
Addis Ababa,Bole,Woreda 22
Addis Ababa,Kirkos,Woreda 01
Addis Ababa,Kirkos,Woreda 02
Addis Ababa,Kirkos,Woreda 03
Addis Ababa,Kirkos,Woreda 04
Addis Ababa,Kirkos,Woreda 05
Addis Ababa,Kirkos,Woreda 06
Addis Ababa,Kirkos,Woreda 07
Addis Ababa,Kirkos,Woreda 08
Addis Ababa,Kirkos,Woreda 09
Addis Ababa,Kirkos,Woreda 10
Addis Ababa,Kirkos,Woreda 11
Addis Ababa,Kirkos,Woreda 12
Addis Ababa,Kirkos,Woreda 13
Addis Ababa,Kirkos,Woreda 14
Addis Ababa,Kirkos,Woreda 15
Addis Ababa,Kirkos,Woreda 16
Addis Ababa,Kirkos,Woreda 17
Addis Ababa,Kirkos,Woreda 18
Addis Ababa,Kirkos,Woreda 19
Addis Ababa,Kirkos,Woreda 20
Addis Ababa,Kirkos,Woreda 21
Addis Ababa,Kolfe,Woreda 01
Addis Ababa,Kolfe,Woreda 02
Addis Ababa,Kolfe,Woreda 03
Addis Ababa,Kolfe,Woreda 04
Addis Ababa,Kolfe,Woreda 05
Addis Ababa,Kolfe,Woreda 06
Addis Ababa,Kolfe,Woreda 07
Addis Ababa,Kolfe,Woreda 08
Addis Ababa,Kolfe,Woreda 09
Addis Ababa,Kolfe,Woreda 10
Addis Ababa,Kolfe,Woreda 11
Addis Ababa,Kolfe,Woreda 12
Addis Ababa,Kolfe,Woreda 13
Addis Ababa,Kolfe,Woreda 14
Addis Ababa,Kolfe,Woreda 15
Addis Ababa,Kolfe,Woreda 16
Addis Ababa,Lideta,Woreda 01
Addis Ababa,Lideta,Woreda 02
Addis Ababa,Lideta,Woreda 03
Addis Ababa,Lideta,Woreda 04
Addis Ababa,Lideta,Woreda 05
Addis Ababa,Lideta,Woreda 06
Addis Ababa,Lideta,Woreda 07
Addis Ababa,Lideta,Woreda 08
Addis Ababa,Lideta,Woreda 09
Addis Ababa,Lideta,Woreda 10
Addis Ababa,Lideta,Woreda 11
Addis Ababa,Lideta,Woreda 12
Addis Ababa,Lideta,Woreda 13
Addis Ababa,Lideta,Woreda 14
Addis Ababa,Lideta,Woreda 15
Addis Ababa,Lideta,Woreda 16
Addis Ababa,Lideta,Woreda 17
Addis Ababa,Lideta,Woreda 18
Addis Ababa,Nifas Silk Lafto,Woreda 01
Addis Ababa,Nifas Silk Lafto,Woreda 02
Addis Ababa,Nifas Silk Lafto,Woreda 03
Addis Ababa,Nifas Silk Lafto,Woreda 04
Addis Ababa,Nifas Silk Lafto,Woreda 05
Addis Ababa,Nifas Silk Lafto,Woreda 06
Addis Ababa,Nifas Silk Lafto,Woreda 07
Addis Ababa,Nifas Silk Lafto,Woreda 08
Addis Ababa,Nifas Silk Lafto,Woreda 09
Addis Ababa,Nifas Silk Lafto,Woreda 10
Addis Ababa,Nifas Silk Lafto,Woreda 11
Addis Ababa,Nifas Silk Lafto,Woreda 12
Addis Ababa,Nifas Silk Lafto,Woreda 13
Addis Ababa,Nifas Silk Lafto,Woreda 14
Addis Ababa,Nifas Silk Lafto,Woreda 15
Addis Ababa,Nifas Silk Lafto,Woreda 16
Addis Ababa,Nifas Silk Lafto,Woreda 17
Addis Ababa,Nifas Silk Lafto,Woreda 18
Addis Ababa,Yeka,Woreda 01
Addis Ababa,Yeka,Woreda 02
Addis Ababa,Yeka,Woreda 03
Addis Ababa,Yeka,Woreda 04
Addis Ababa,Yeka,Woreda 05
Addis Ababa,Yeka,Woreda 06
Addis Ababa,Yeka,Woreda 07
Addis Ababa,Yeka,Woreda 08
Addis Ababa,Yeka,Woreda 09
Addis Ababa,Yeka,Woreda 10
Addis Ababa,Yeka,Woreda 11
Addis Ababa,Yeka,Woreda 12
Addis Ababa,Yeka,Woreda 13
Addis Ababa,Yeka,Woreda 14
Addis Ababa,Yeka,Woreda 15
Addis Ababa,Yeka,Woreda 16
Addis Ababa,Yeka,Woreda 17
Addis Ababa,Yeka,Woreda 18
Addis Ababa,Yeka,Woreda 19
Addis Ababa,Yeka,Woreda 20
Addis Ababa,Yeka,Woreda 21
Addis Ababa,Gulele,Woreda 01
Addis Ababa,Gulele,Woreda 02
Addis Ababa,Gulele,Woreda 03
Addis Ababa,Gulele,Woreda 04
Addis Ababa,Gulele,Woreda 05
Addis Ababa,Gulele,Woreda 06
Addis Ababa,Gulele,Woreda 07
Addis Ababa,Gulele,Woreda 08
Addis Ababa,Gulele,Woreda 09
Addis Ababa,Gulele,Woreda 10
Addis Ababa,Gulele,Woreda 11
Addis Ababa,Gulele,Woreda 12
Addis Ababa,Gulele,Woreda 13
Addis Ababa,Gulele,Woreda 14
Addis Ababa,Gulele,Woreda 15
Addis Ababa,Gulele,Woreda 16
Addis Ababa,Gulele,Woreda 17
Addis Ababa,Gulele,Woreda 18
Addis Ababa,Gulele,Woreda 19
Addis Ababa,Gulele,Woreda 20
Addis Ababa,Gulele,Woreda 21
Afar Region,Zone 1,Dubti
Afar Region,Zone 1,Elidar
Afar Region,Zone 1,Asayita
Afar Region,Zone 1,Afambo
Afar Region,Zone 1,Mile
Afar Region,Zone 1,Chiefera
Afar Region,Zone 1,Kori
Afar Region,Zone 2,Erabti
Afar Region,Zone 2,Konaba
Afar Region,Zone 2,Abala
Afar Region,Zone 2,Megale
Afar Region,Zone 2,Berahile
Afar Region,Zone 2,Dalol
Afar Region,Zone 2,Afdera
Afar Region,Zone 3,Amibara
Afar Region,Zone 3,Awash Fentale
Afar Region,Zone 3,Gewane
Afar Region,Zone 3,Dulecha
Afar Region,Zone 3,Bure Modayitu
Afar Region,Zone 3,Argoba
Afar Region,Zone 4,Awura
Afar Region,Zone 4,Ewa
Afar Region,Zone 4,Teru
Afar Region,Zone 4,Yalo
Afar Region,Zone 4,Golina
Afar Region,Zone 5,Telalak
Afar Region,Zone 5,Semurobina-Gelalo
Afar Region,Zone 5,Dawe
Afar Region,Zone 5,Dalifagi
Afar Region,Zone 5,Hadeleala
Amhara Region,South Gondar,Libokemkem
Amhara Region,North Gondar,Adi Arkay
Amhara Region,North Gondar,Beyeda
Amhara Region,North Gondar,Janamora
Amhara Region,North Gondar,Debark
Amhara Region,North Gondar,Dabat
Amhara Region,North Gondar,Mirab Armacheho
Amhara Region,North Gondar,Tegede
Amhara Region,North Gondar,Lay Armacho
Amhara Region,North Gondar,Wegera
Amhara Region,North Gondar,Gonder Zuriya
Amhara Region,North Gondar,Dembia
Amhara Region,North Gondar,Chilga
Amhara Region,North Gondar,Metema
Amhara Region,North Gondar,Quara
Amhara Region,North Gondar,Alefa
Amhara Region,North Gondar,Mirab Belesa
Amhara Region,North Gondar,Misrak Belesa
Amhara Region,North Gondar,Gonder
Amhara Region,North Gondar,Tach Armachoho
Amhara Region,North Gondar,Takusa
Amhara Region,South Gondar,Ebinat
Amhara Region,South Gondar,Fogera
Amhara Region,South Gondar,Farta
Amhara Region,South Gondar,Lay Gayint
Amhara Region,South Gondar,Tach Gayint
Amhara Region,South Gondar,Simada
Amhara Region,South Gondar,Misrak Este
Amhara Region,South Gondar,Dera
Amhara Region,South Gondar,Debre Tabor
Amhara Region,South Gondar,Mirab Esta
Amhara Region,North Wello Zone,Bugna
Amhara Region,North Wello Zone,Kobo
Amhara Region,North Wello Zone,Gidan
Amhara Region,North Wello Zone,Kulmesk
Amhara Region,North Wello Zone,Meket Woreda
Amhara Region,North Wello Zone,Wadla
Amhara Region,North Wello Zone,Deleanta
Amhara Region,North Wello Zone,Gubalafto
Amhara Region,North Wello Zone,Habru
Amhara Region,North Wello Zone,Woldiya
Amhara Region,North Wello Zone,Lasta
Amhara Region,North Wello Zone,Dawunt
Amhara Region,South Wello,Mekdela
Amhara Region,South Wello,Tenta
Amhara Region,South Wello,Kutaber
Amhara Region,South Wello,Ambasel
Amhara Region,South Wello,Tehuledere
Amhara Region,South Wello,Werebabo
Amhara Region,South Wello,Kalu
Amhara Region,South Wello,Albuko
Amhara Region,South Wello,Dessie Zuriya Legambo
Amhara Region,South Wello,Legambo
Amhara Region,South Wello,Sayint
Amhara Region,South Wello,Debresina
Amhara Region,South Wello,Kelela
Amhara Region,South Wello,Jama
Amhara Region,South Wello,Were Ilu
Amhara Region,South Wello,Wogidi
Amhara Region,South Wello,Komoblcha
Amhara Region,South Wello,Dessie
Amhara Region,South Wello,Mehal Sayint - Legahida
Amhara Region,North Shewa,Mida Woremo
Amhara Region,North Shewa,Merhabete
Amhara Region,North Shewa,Ensaro
Amhara Region,North Shewa,Moretna Juru
Amhara Region,North Shewa,Menz Gera Midir
Amhara Region,North Shewa,Gishe
Amhara Region,North Shewa,Antsokiyana Gemza
Amhara Region,North Shewa,Efratana Gidim
Amhara Region,North Shewa,Menz Mama Medir
Amhara Region,North Shewa,Tarma Ber
Amhara Region,North Shewa,Mojana
Amhara Region,North Shewa,Kewet
Amhara Region,North Shewa,Angolala
Amhara Region,North Shewa,Ashagirt
Amhara Region,North Shewa,Ankober
Amhara Region,North Shewa,Hageremariam
Amhara Region,North Shewa,Berehet
Amhara Region,North Shewa,Minjarena Shenkora
Amhara Region,North Shewa,Basona Werana
Amhara Region,North Shewa,Debre Berhan
Amhara Region,North Shewa,Menz Keya Gebreal
Amhara Region,North Shewa,Menz Lalo Midir
Amhara Region,North Shewa,Saya Deberna Wayu
Amhara Region,East Gojam,Bibugn
Amhara Region,East Gojam,Hulet Eje Enese
Amhara Region,East Gojam,Goncha Siso Enese
Amhara Region,East Gojam,Enebse Sar Midir
Amhara Region,East Gojam,Enarj Enagwga
Amhara Region,East Gojam,Enemay
Amhara Region,East Gojam,Debay Tilatgin
Amhara Region,East Gojam,Debre Elias
Amhara Region,East Gojam,Debre Elias-Wereda
Amhara Region,East Gojam,Machakel-Wereda
Amhara Region,East Gojam,Gozamin-Wereda
Amhara Region,East Gojam,Baso Liben-Wereda
Amhara Region,East Gojam,Awabel-Wereda
Amhara Region,East Gojam,Dejen-Wereda
Amhara Region,East Gojam,Shebel Berenta-Wereda
Amhara Region,East Gojam,Debere Markos
Amhara Region,East Gojam,Sinan Wereda
Amhara Region,East Gojam,Aneded-Wereda
Amhara Region,West Gojam,Semen Achefer-Wereda
Amhara Region,West Gojam,Yilmana Densa
Amhara Region,West Gojam,Mecha
Amhara Region,West Gojam,Sekela-Wereda
Amhara Region,West Gojam,Quarit-Wereda
Amhara Region,West Gojam,Dega Damot-Wereda
Amhara Region,West Gojam,Dembecha-Wereda
Amhara Region,West Gojam,Jabi Tehinan-Wereda
Amhara Region,West Gojam,Bure-Wereda
Amhara Region,West Gojam,Wenberma-Wereda
Amhara Region,West Gojam,Gonjqolola-Wereda
Amhara Region,West Gojam,Debub Achefer-Wereda
Amhara Region,West Gojam,Finote Selam/Town/-Wereda
Amhara Region,Wag Himra-Zone,Ziquala-Wereda
Amhara Region,Wag Himra-Zone,Sekota-Wereda
Amhara Region,Wag Himra-Zone,Dehana-Wereda
Amhara Region,Wag Himra-Zone,Gazgibla-Wereda
Amhara Region,Wag Himra-Zone,Abergele-Wereda
Amhara Region,Wag Himra-Zone,Sehala -Wereda
Amhara Region,Wag Himra-Zone,Sekota
Amhara Region,Awi-Zone,Dangila-Wereda
Amhara Region,Awi-Zone,Banja Shekudad-Wereda
Amhara Region,Awi-Zone,Ankasha Guagusa-Wereda
Amhara Region,Awi-Zone,Guangua-Wereda
Amhara Region,Awi-Zone,Fagita Lekoma-Wereda
Amhara Region,Awi-Zone,Jawi-Wereda
Amhara Region,Awi-Zone,Guagusa Shikuda-Wereda
Amhara Region,Oromiya-Zone,Dawa Chefa-Wereda
Amhara Region,Oromiya-Zone,Bati-Wereda
Amhara Region,Oromiya-Zone,Jile Timuga-Wereda
Amhara Region,Oromiya-Zone,Artuma Fursi-Wereda
Amhara Region,Oromiya-Zone,Dawa Harewa-Wereda
Amhara Region,Oromiya-Zone,Kemise/Town/-Wereda
Amhara Region,Bahir Dar Special-Zone,Bahir Dar Special-Wereda
Amhara Region,Bahir Dar Special-Zone,Argoba
Oromia Region,West Wellega Zone,Mene Sibu-Wereda
Oromia Region,West Wellega Zone,Nejo-Wereda
Oromia Region,West Wellega Zone,Gimbi-Wereda
Oromia Region,West Wellega Zone,Lalo Asabi-Wereda
Oromia Region,West Wellega Zone,Qiltu Kara-Wereda
Oromia Region,West Wellega Zone,Boji Dermeji-Wereda
Oromia Region,West Wellega Zone,Guliso-Wereda
Oromia Region,West Wellega Zone,Jarso-Wereda
Oromia Region,West Wellega Zone,Qondala-Wereda
Oromia Region,West Wellega Zone,Boji Cheqorsa-Wereda
Oromia Region,West Wellega Zone,Babo Gembel-Wereda
Oromia Region,West Wellega Zone,Yubdo-Wereda
Oromia Region,West Wellega Zone,Genji-Wereda
Oromia Region,West Wellega Zone,Haru-Wereda
Oromia Region,West Wellega Zone,Nole Kaba-Wereda
Oromia Region,West Wellega Zone,Begi-Wereda
Oromia Region,West Wellega Zone,Gimbi/Town/-Wereda
Oromia Region,West Wellega Zone,Seyo Nole-Wereda
Oromia Region,West Wellega Zone,Homa-Wereda
Oromia Region,West Wellega Zone,Ayira-Wereda
Oromia Region,East Wellega Zone,Limu-Wereda
Oromia Region,East Wellega Zone,Ebantu-Wereda
Oromia Region,East Wellega Zone,Gida Keremu-Wereda
Oromia Region,East Wellega Zone,Haro Limu-Wereda
Oromia Region,East Wellega Zone,Boneya Bushe-Wereda
Oromia Region,East Wellega Zone,Wayu Tuqa-Wereda
Oromia Region,East Wellega Zone,Gudeya Bila-Wereda
Oromia Region,East Wellega Zone,Gobu Seyo-Wereda
Oromia Region,East Wellega Zone,Sibu Sire-Wereda
Oromia Region,East Wellega Zone,Diga-Wereda
Oromia Region,East Wellega Zone,Sasiga-Wereda
Oromia Region,East Wellega Zone,Leqa Dulecha-Wereda
Oromia Region,East Wellega Zone,Guto Gida-Wereda
Oromia Region,East Wellega Zone,Jimma Arjo-Wereda
Oromia Region,East Wellega Zone,Nunu Qumba-Wereda
Oromia Region,East Wellega Zone,Wama Hagelo-Wereda
Oromia Region,East Wellega Zone,Nekemte/Town/-Wereda
Oromia Region,Ilu Aba Bora Zone,Darimu-Wereda
Oromia Region,Ilu Aba Bora Zone,Alge Sachi-Wereda
Oromia Region,Ilu Aba Bora Zone,Chora-Wereda
Oromia Region,Ilu Aba Bora Zone,Diga-Wereda
Oromia Region,Ilu Aba Bora Zone,Dabo Hana-Wereda
Oromia Region,Ilu Aba Bora Zone,Gechi-Wereda
Oromia Region,Ilu Aba Bora Zone,Borecha-Wereda
Oromia Region,Ilu Aba Bora Zone,Dedesa-Wereda
Oromia Region,Ilu Aba Bora Zone,Yayu-Wereda
Oromia Region,Ilu Aba Bora Zone,Metu Zuria-Wereda
Oromia Region,Ilu Aba Bora Zone,Ale-Wereda
Oromia Region,Ilu Aba Bora Zone,Bure-Wereda
Oromia Region,Ilu Aba Bora Zone,Nono Sele-Wereda
Oromia Region,Ilu Aba Bora Zone,Becho-Wereda
Oromia Region,Ilu Aba Bora Zone,Bilo Nopha-Wereda
Oromia Region,Ilu Aba Bora Zone,Hurumu-Wereda
Oromia Region,Jimma Zone,Limu Seka-Wereda
Oromia Region,Jimma Zone,Limu Kosa-Wereda
Oromia Region,Jimma Zone,Sokoru-Wereda
Oromia Region,Jimma Zone,Tiro Afeta-Wereda
Oromia Region,Jimma Zone,Kersa-Wereda
Oromia Region,Jimma Zone,Mana-Wereda
Oromia Region,Jimma Zone,Gomma-Wereda
Oromia Region,Jimma Zone,Gera-Wereda
Oromia Region,Jimma Zone,Seka Chekorsa-Wereda
Oromia Region,Jimma Zone,Dedo-Wereda
Oromia Region,Jimma Zone,Omonada-Wereda
Oromia Region,Jimma Zone,Sigmo-Wereda
Oromia Region,Jimma Zone,Setema-Wereda
Oromia Region,Jimma Zone,Shebe Senbo-Wereda
Oromia Region,Jimma Zone,Chora Boter-Wereda
Oromia Region,Jimma Zone,Guma-Wereda
Oromia Region,Jimma Zone,Agaro/Town/-Wereda
Oromia Region,West Shoa Zone,Ginde Beret-Wereda
Oromia Region,West Shoa Zone,Jeldu Wereda
Oromia Region,West Shoa Zone,Ambo-Wereda
Oromia Region,West Shoa Zone,Midakegni-Wereda
Oromia Region,West Shoa Zone,Chelia-Wereda
Oromia Region,West Shoa Zone,Bako Tibe-Wereda
Oromia Region,West Shoa Zone,Dano-Wereda
Oromia Region,West Shoa Zone,Nono-Wereda
Oromia Region,West Shoa Zone,Tikur Enchini-Wereda
Oromia Region,West Shoa Zone,Dendi-Wereda
Oromia Region,West Shoa Zone,Awash Wajitu(Moved To Dawo Wereda)
Oromia Region,West Shoa Zone,Ejerie-Wereda
Oromia Region,West Shoa Zone,Welmera-Wereda
Oromia Region,West Shoa Zone,Ada'A Berga-Wereda
Oromia Region,West Shoa Zone,Meta Robi-Wereda
Oromia Region,West Shoa Zone,Ambo/Town/-Wereda
Oromia Region,West Shoa Zone,Abuna Gindeberet-Wereda
Oromia Region,West Shoa Zone,Toke Kutaye-Wereda
Oromia Region,West Shoa Zone,Jibat-Wereda
Oromia Region,West Shoa Zone,Elifata-Wereda
Oromia Region,West Shoa Zone,Holeta/Town/-Wereda
Oromia Region,North Shoa Zone,Were Jarso-Wereda
Oromia Region,North Shoa Zone,Dera-Wereda
Oromia Region,North Shoa Zone,Hidabu Abote-Wereda
Oromia Region,North Shoa Zone,Kuyu-Wereda
Oromia Region,North Shoa Zone,Degem-Wereda
Oromia Region,North Shoa Zone,Girar Jarso-Wereda
Oromia Region,North Shoa Zone,Debre Libanos-Wereda
Oromia Region,North Shoa Zone,Wuchale-Wereda
Oromia Region,North Shoa Zone,Abichuna Gnea-Wereda
Oromia Region,North Shoa Zone,Kimbibit-Wereda
Oromia Region,North Shoa Zone,Bereh-Wereda
Oromia Region,North Shoa Zone,Sululta-Wereda
Oromia Region,North Shoa Zone,Fiche/Town/-Wereda
Oromia Region,North Shoa Zone,Yaya Gulele-Wereda
Oromia Region,North Shoa Zone,Jida-Wereda
Oromia Region,North Shoa Zone,Mulo-Wereda
Oromia Region,North Shoa Zone,Aleltu-Wereda
Oromia Region,North Shoa Zone,Sendafa/Town/-Wereda
Oromia Region,East Shoa Zone,Fentale-Wereda
Oromia Region,East Shoa Zone,Boset-Wereda
Oromia Region,East Shoa Zone,Adama Zuriya-Wereda
Oromia Region,East Shoa Zone,Lomme-Wereda
Oromia Region,East Shoa Zone,Gimbichu-Wereda
Oromia Region,East Shoa Zone,Ada A-Wereda
Oromia Region,East Shoa Zone,Dugda-Wereda
Oromia Region,East Shoa Zone,Adami Tulu Jido Kombolcha-Wereda
Oromia Region,East Shoa Zone,Bishoftu/Town/-Wereda
Oromia Region,East Shoa Zone,Bora-Wereda
Oromia Region,East Shoa Zone,Liben-Wereda
Oromia Region,East Shoa Zone,Akaki-Wereda
Oromia Region,East Shoa Zone,Zeway/Batu/Town/-Wereda
Oromia Region,Arsi Zone,Merti-Wereda
Oromia Region,Arsi Zone,Aseko-Wereda
Oromia Region,Arsi Zone,Gololcha-Wereda
Oromia Region,Arsi Zone,Jeju-Wereda
Oromia Region,Arsi Zone,Dodota-Wereda
Oromia Region,Arsi Zone,Zeway Dugda-Wereda
Oromia Region,Arsi Zone,Hitosa-Wereda
Oromia Region,Arsi Zone,Sude-Wereda
Oromia Region,Arsi Zone,Chole-Wereda
Oromia Region,Arsi Zone,Amigna-Wereda
Oromia Region,Arsi Zone,Seru-Wereda
Oromia Region,Arsi Zone,Robe-Wereda
Oromia Region,Arsi Zone,Tena-Wereda
Oromia Region,Arsi Zone,Shirka-Wereda
Oromia Region,Arsi Zone,Digeluna Tijo-Wereda
Oromia Region,Arsi Zone,Tiyo-Wereda
Oromia Region,Arsi Zone,Munesa-Wereda
Oromia Region,Arsi Zone,Limuna Bilbilo-Wereda
Oromia Region,Arsi Zone,Guna-Wereda
Oromia Region,Arsi Zone,Sire-Wereda
Oromia Region,Arsi Zone,Lode Hetosa-Wereda
Oromia Region,Arsi Zone,Deksis-Wereda
Oromia Region,Arsi Zone,Bele Gasgar-Wereda
Oromia Region,Arsi Zone,Enkelo Wabe-Wereda
Oromia Region,Arsi Zone,Asela/Town/-Wereda
Oromia Region,West Hararge Zone,Mieso-Wereda
Oromia Region,West Hararge Zone,Doba-Wereda
Oromia Region,West Hararge Zone,Tulo-Wereda
Oromia Region,West Hararge Zone,Mesela-Wereda
Oromia Region,West Hararge Zone,Chiro/Town/-Wereda
Oromia Region,West Hararge Zone,Anchar-Wereda
Oromia Region,West Hararge Zone,Guba Qoricha-Wereda
Oromia Region,West Hararge Zone,Habro-Wereda
Oromia Region,West Hararge Zone,Daro Lebu-Wereda
Oromia Region,West Hararge Zone,Boke-Wereda
Oromia Region,West Hararge Zone,Quni-Wereda
Oromia Region,West Hararge Zone,Gemechis-Wereda
Oromia Region,West Hararge Zone,Chiro Zuria-Wereda
Oromia Region,West Hararge Zone,Bedesa/Town/-Wereda
Oromia Region,East Hararge Zone,Kombolcha-Wereda
Oromia Region,East Hararge Zone,Jarso-Wereda
Oromia Region,East Hararge Zone,Gursum-Wereda
Oromia Region,East Hararge Zone,Babile-Wereda
Oromia Region,East Hararge Zone,Fedis-Wereda
Oromia Region,East Hararge Zone,Haromaya-Wereda
Oromia Region,East Hararge Zone,Kurfa Chele-Wereda
Oromia Region,East Hararge Zone,Qersa-Wereda
Oromia Region,East Hararge Zone,Meta-Wereda
Oromia Region,East Hararge Zone,Goro Gutu-Wereda
Oromia Region,East Hararge Zone,Deder-Wereda
Oromia Region,East Hararge Zone,Melka Belo-Wereda
Oromia Region,East Hararge Zone,Bedeno-Wereda
Oromia Region,East Hararge Zone,Midega Tola-Wereda
Oromia Region,East Hararge Zone,Chinaksen-Wereda
Oromia Region,East Hararge Zone,Girawa-Wereda
Oromia Region,East Hararge Zone,Gole Oda-Wereda
Oromia Region,East Hararge Zone,Meyu Muleke-Wereda
Oromia Region,Agarfa Zone,Agarfa-Wereda
Oromia Region,Agarfa Zone,Gololcha-Wereda
Oromia Region,Agarfa Zone,Gasera-Wereda
Oromia Region,Agarfa Zone,Beltu-Wereda
Oromia Region,Agarfa Zone,Ginir-Wereda
Oromia Region,Agarfa Zone,Sinana-Wereda
Oromia Region,Agarfa Zone,Goba-Wereda
Oromia Region,Agarfa Zone,Arena Buluq-Wereda
Oromia Region,Agarfa Zone,Delo Mena-Wereda
Oromia Region,Agarfa Zone,Meda Welabu-Wereda
Oromia Region,Agarfa Zone,Berbere-Wereda
Oromia Region,Agarfa Zone,Gura Damole-Wereda
Oromia Region,Agarfa Zone,Goro-Wereda
Oromia Region,Agarfa Zone,Raytu-Wereda
Oromia Region,Agarfa Zone,Seweyna-Wereda
Oromia Region,Agarfa Zone,Robe/Town/-Wereda
Oromia Region,Agarfa Zone,Goba/Town/-Wereda
Oromia Region,Agarfa Zone,Dawe Qachen-Wereda
Oromia Region,Agarfa Zone,Dinsho-Wereda
Oromia Region,Agarfa Zone,Dawe Serer-Wereda
Oromia Region,Borena Zone,Bule Hora-Wereda
Oromia Region,Borena Zone,Yabelo-Wereda
Oromia Region,Borena Zone,Arero-Wereda
Oromia Region,Borena Zone,Moyale-Wereda
Oromia Region,Borena Zone,Dire-Wereda
Oromia Region,Borena Zone,Teltele-Wereda
Oromia Region,Borena Zone,Abaya-Wereda
Oromia Region,Borena Zone,Dugda Dawa-Wereda
Oromia Region,Borena Zone,Meyo-Wereda
Oromia Region,Borena Zone,Gelana-Wereda
Oromia Region,South West Shewa Zone,Ameya-Wereda
Oromia Region,South West Shewa Zone,Wonchi-Wereda
Oromia Region,South West Shewa Zone,Weliso-Wereda
Oromia Region,South West Shewa Zone,Dawo-Wereda
Oromia Region,South West Shewa Zone,Ilu-Wereda
Oromia Region,South West Shewa Zone,Sebeta Hawas-Wereda
Oromia Region,South West Shewa Zone,Kersana Malima-Wereda
Oromia Region,South West Shewa Zone,Tole-Wereda
Oromia Region,South West Shewa Zone,Becho-Wereda
Oromia Region,South West Shewa Zone,Seden Sodo-Wereda
Oromia Region,South West Shewa Zone,Weliso/Town/-Wereda
Oromia Region,South West Shewa Zone,Goro-Wereda
Oromia Region,South West Shewa Zone,Sodo Dacha-Wereda
Oromia Region,South West Shewa Zone,Sebeta/Town/Wereda
Oromia Region,Guji Zone,Uraga-Wereda
Oromia Region,Guji Zone,Bore-Wereda
Oromia Region,Guji Zone,Adola-Wereda
Oromia Region,Guji Zone,Wadera-Wereda
Oromia Region,Guji Zone,Odo Shakiso-Wereda
Oromia Region,Guji Zone,Qercha-Wereda
Oromia Region,Guji Zone,Liben-Wereda
Oromia Region,Guji Zone,Dima-Wereda
Oromia Region,Guji Zone,Hambela Wamena-Wereda
Oromia Region,Guji Zone,Girja-Wereda
Oromia Region,Guji Zone,Negele/Town/-Wereda
Oromia Region,Guji Zone,Adola/Town/-Wereda
Oromia Region,Adama Special Zone,Adama/Town/Wereda
Oromia Region,Jimma Town Special Zone,Jimma/Town/-Wereda
Oromia Region,West Arsi Zone,Siraro-Wereda
Oromia Region,West Arsi Zone,Shala-Wereda
Oromia Region,West Arsi Zone,Arsi Negele-Wereda
Oromia Region,West Arsi Zone,Kofele-Wereda
Oromia Region,West Arsi Zone,Qore-Wereda
Oromia Region,West Arsi Zone,Gedeb Asasa-Wereda
Oromia Region,West Arsi Zone,Dodola-Wereda
Oromia Region,West Arsi Zone,Kokosa-Wereda
Oromia Region,West Arsi Zone,Nensebo-Wereda
Oromia Region,West Arsi Zone,Adaba-Wereda
Oromia Region,West Arsi Zone,Shashemene/Town/-Wereda
Oromia Region,West Arsi Zone,Shashemene Zuria Wereda
Oromia Region,Kelem Wellega Zone,Hawa Gelan-Wereda
Oromia Region,Kelem Wellega Zone,Yemalogi Welel-Wereda
Oromia Region,Kelem Wellega Zone,Dale Wabera-Wereda
Oromia Region,Kelem Wellega Zone,Gawo Qebe-Wereda
Oromia Region,Kelem Wellega Zone,Seyo-Wereda
Oromia Region,Kelem Wellega Zone,Dembi Dolo/Town/-Wereda
Oromia Region,Kelem Wellega Zone,Anfilo-Wereda
Oromia Region,Kelem Wellega Zone,Dale Sedi-Wereda
Oromia Region,Kelem Wellega Zone,Gidami-Wereda
Oromia Region,Kelem Wellega Zone,Jimma Horo-Wereda
Oromia Region,Kelem Wellega Zone,Lalo Kile-Wereda
Oromia Region,Horo Gudru Wellega -Zone,Horo-Wereda
Oromia Region,Horo Gudru Wellega -Zone,Shambu/Town/-Wereda
Oromia Region,Horo Gudru Wellega -Zone,Guduru-Wereda
Oromia Region,Horo Gudru Wellega -Zone,Hababo Guduru-Wereda
Oromia Region,Horo Gudru Wellega -Zone,Abay Chomen-Wereda
Oromia Region,Horo Gudru Wellega -Zone,Jimma Geneti-Wereda
Oromia Region,Horo Gudru Wellega -Zone,Jimma Rare-Wereda
Oromia Region,Horo Gudru Wellega -Zone,Jardga Jarte-Wereda
Oromia Region,Horo Gudru Wellega -Zone,Amuru-Wereda
Oromia Region,Horo Gudru Wellega -Zone,Abe Dengoro-Wereda
Oromia Region,Horo Gudru Wellega -Zone,Burayu/Town/-Wereda
Tigray Region,North West Tigray Zone,Tahtay Adiyabo-Wereda
Tigray Region,North West Tigray Zone,Laelay Adiyabo-Wereda
Tigray Region,North West Tigray Zone,Medebay Zana-Wereda
Tigray Region,North West Tigray Zone,Tahtay Qoraro-Wereda
Tigray Region,North West Tigray Zone,Asegede Tsimbila-Wereda
Tigray Region,North West Tigray Zone,Tselemti-Wereda
Tigray Region,North West Tigray Zone,Shire Enidasilase/Town/-Wereda
Tigray Region,North West Tigray Zone,Shiraro/Town/-Wereda
Tigray Region,Central Tigray Zone,Mereb Lehe-Wereda
Tigray Region,Central Tigray Zone,Ahiferom-Wereda
Tigray Region,Central Tigray Zone,Were Lehe-Wereda
Tigray Region,Central Tigray Zone,Adwa-Wereda
Tigray Region,Central Tigray Zone,Laelay Maychew-Wereda
Tigray Region,Central Tigray Zone,Tahtay Maychew-Wereda
Tigray Region,Central Tigray Zone,Nader Adet-Wereda
Tigray Region,Central Tigray Zone,Kola Temben-Wereda
Tigray Region,Central Tigray Zone,Degua Temben-Wereda
Tigray Region,Central Tigray Zone,Tanqua Abergele-Wereda
Tigray Region,Central Tigray Zone,Abiyi Adi/Town/Wereda
Tigray Region,Central Tigray Zone,Adwa/Town/-Wereda
Tigray Region,Central Tigray Zone,Axum/Town/-Wereda
Tigray Region,Eastern Tigray Zone,Gulo Meheda-Wereda
Tigray Region,Eastern Tigray Zone,Erob-Wereda
Tigray Region,Eastern Tigray Zone,Saesi Tsadamba-Wereda
Tigray Region,Eastern Tigray Zone,Ganta Afeshum-Wereda
Tigray Region,Eastern Tigray Zone,Hawuzen-Wereda
Tigray Region,Eastern Tigray Zone,Klite Awlalo-Wereda
Tigray Region,Eastern Tigray Zone,Atsbi Wenberta-Wereda
Tigray Region,Eastern Tigray Zone,Adigrat/Town/-Wereda
Tigray Region,Eastern Tigray Zone,Wukro/Town/-Wereda
Tigray Region,Southern Tigray Zone,Seharti Samre-Wereda
Tigray Region,Southern Tigray Zone,Enderta-Wereda
Tigray Region,Southern Tigray Zone,Hintalo Wajirat-Wereda
Tigray Region,Southern Tigray Zone,Alaje-Wereda
Tigray Region,Southern Tigray Zone,Endamehoni-Wereda
Tigray Region,Southern Tigray Zone,Raya Azebo-Wereda
Tigray Region,Southern Tigray Zone,Alamata-Wereda
Tigray Region,Southern Tigray Zone,Ofla-Wereda
Tigray Region,Southern Tigray Zone,Maychew/Town/-Wereda
Tigray Region,Southern Tigray Zone,Korem/Town/-Wereda
Tigray Region,Southern Tigray Zone,Alamata/Town/-Wereda
Tigray Region,Western Tigray Zone,Kafta Humera-Wereda
Tigray Region,Western Tigray Zone,Welkayit-Wereda
Tigray Region,Western Tigray Zone,Tsegede-Wereda
Tigray Region,Western Tigray Zone,Humera/Town/-Wereda
Tigray Region,Mekele Town Special Zone,Debub Mekele/Town/-Wereda
Tigray Region,Mekele Town Special Zone,Semen Mekele/Town/-Wereda
Benishangul-Gumuz Region,Metekel-Zone,Dangur-Wereda
Benishangul-Gumuz Region,Metekel-Zone,Guba-Wereda
Benishangul-Gumuz Region,Metekel-Zone,Wenbera-Wereda
Benishangul-Gumuz Region,Metekel-Zone,Mandura-Wereda
Benishangul-Gumuz Region,Metekel-Zone,Dibate-Wereda
Benishangul-Gumuz Region,Metekel-Zone,Bulen-Wereda
Benishangul-Gumuz Region,Asosa-Zone,Menge-Wereda
Benishangul-Gumuz Region,Asosa-Zone,Kurmuk-Wereda
Benishangul-Gumuz Region,Asosa-Zone,Asosa-Wereda
Benishangul-Gumuz Region,Asosa-Zone,Sherkole-Wereda
Benishangul-Gumuz Region,Asosa-Zone,Bambasi-Wereda
Benishangul-Gumuz Region,Asosa-Zone,Oda Bilidigilu-Wereda
Benishangul-Gumuz Region,Asosa-Zone,Homosha-Wereda
Benishangul-Gumuz Region,Kamashi-Zone,Yaso-Wereda
Benishangul-Gumuz Region,Kamashi-Zone,Sirba Abay-Wereda
Benishangul-Gumuz Region,Kamashi-Zone,Kamashi-Wereda
Benishangul-Gumuz Region,Kamashi-Zone,Agalo Meti-Wereda
Benishangul-Gumuz Region,Kamashi-Zone,Belojiganfo-Wereda
Benishangul-Gumuz Region,Kamashi-Zone,Pawe Special-Wereda
Benishangul-Gumuz Region,Kamashi-Zone,Mao Komo Special-Wereda
"S.N.N.P. Region",Gurage-Zone,Kebena-Wereda
"S.N.N.P. Region",Gurage-Zone,Abeshege-Wereda
"S.N.N.P. Region",Gurage-Zone,Ezha-Wereda
"S.N.N.P. Region",Gurage-Zone,Kokir Gedebano-Wereda
"S.N.N.P. Region",Gurage-Zone,Sodo-Wereda
"S.N.N.P. Region",Gurage-Zone,Meskan-Wereda
"S.N.N.P. Region",Gurage-Zone,Mareqo-Wereda
"S.N.N.P. Region",Gurage-Zone,Endegagn-Wereda
"S.N.N.P. Region",Gurage-Zone,Gumer-Wereda
"S.N.N.P. Region",Gurage-Zone,Cheha-Wereda
"S.N.N.P. Region",Gurage-Zone,Enemorna Ener-Wereda
"S.N.N.P. Region",Gurage-Zone,Muhor Na Aklil-Wereda
"S.N.N.P. Region",Gurage-Zone,Geta-Wereda
"S.N.N.P. Region",Gurage-Zone,Welkite/Town/-Wereda
"S.N.N.P. Region",Gurage-Zone,Butajira/Town/-Wereda
"S.N.N.P. Region",Hadiya-Zone,Misha-Wereda
"S.N.N.P. Region",Hadiya-Zone,Gibe-Wereda
"S.N.N.P. Region",Hadiya-Zone,Lemo-Wereda
"S.N.N.P. Region",Hadiya-Zone,Shashago-Wereda
"S.N.N.P. Region",Hadiya-Zone,Misrak Badawocho-Wereda
"S.N.N.P. Region",Hadiya-Zone,Soro-Wereda
"S.N.N.P. Region",Hadiya-Zone,Duna-Wereda
"S.N.N.P. Region",Hadiya-Zone,Analimo-Wereda
"S.N.N.P. Region",Hadiya-Zone,Mirab Badawocho-Wereda
"S.N.N.P. Region",Hadiya-Zone,Gomibara-Wereda
"S.N.N.P. Region",Hadiya-Zone,Hosaena/Town/-Wereda
"S.N.N.P. Region",Kembata Tibaro-Zone,Tibaro-Wereda
"S.N.N.P. Region",Kembata Tibaro-Zone,Anigacha-Wereda
"S.N.N.P. Region",Kembata Tibaro-Zone,Kedida Gamela-Wereda
"S.N.N.P. Region",Kembata Tibaro-Zone,Kacha Bira-Wereda
"S.N.N.P. Region",Kembata Tibaro-Zone,Hadero Tunito-Wereda
"S.N.N.P. Region",Kembata Tibaro-Zone,Doyo Gena-Wereda
"S.N.N.P. Region",Kembata Tibaro-Zone,Daniboya-Wereda
"S.N.N.P. Region",Kembata Tibaro-Zone,Durame/Town/-Wereda
"S.N.N.P. Region",Sidama-Zone,Shebedino-Wereda
"S.N.N.P. Region",Sidama-Zone,Hawassa Zuriya-Wereda
"S.N.N.P. Region",Sidama-Zone,Arbegona-Wereda
"S.N.N.P. Region",Sidama-Zone,Dale-Wereda
"S.N.N.P. Region",Sidama-Zone,Aleta Wondo-Wereda
"S.N.N.P. Region",Sidama-Zone,Dara-Wereda
"S.N.N.P. Region",Sidama-Zone,Hula-Wereda
"S.N.N.P. Region",Sidama-Zone,Bensa-Wereda
"S.N.N.P. Region",Sidama-Zone,Aroresa-Wereda
"S.N.N.P. Region",Sidama-Zone,Boricha-Wereda
"S.N.N.P. Region",Sidama-Zone,Gorche-Wereda
"S.N.N.P. Region",Sidama-Zone,Malga-Wereda
"S.N.N.P. Region",Sidama-Zone,Wensho-Wereda
"S.N.N.P. Region",Sidama-Zone,Loko Abeya-Wereda
"S.N.N.P. Region",Sidama-Zone,Chere-Wereda
"S.N.N.P. Region",Sidama-Zone,Bursa-Wereda
"S.N.N.P. Region",Sidama-Zone,Cheko-Wereda
"S.N.N.P. Region",Sidama-Zone,Bona Zuria-Wereda
"S.N.N.P. Region",Sidama-Zone,Wendo Genet-Wereda
"S.N.N.P. Region",Gedeo-Zone,Wenago-Wereda
"S.N.N.P. Region",Gedeo-Zone,Yirga Chefe-Wereda
"S.N.N.P. Region",Gedeo-Zone,Kochire-Wereda
"S.N.N.P. Region",Gedeo-Zone,Bule-Wereda
"S.N.N.P. Region",Gedeo-Zone,Dilazuria-Wereda
"S.N.N.P. Region",Gedeo-Zone,Gedeb-Wereda
"S.N.N.P. Region",Gedeo-Zone,Dila/Town/-Wereda
"S.N.N.P. Region",Wolayita-Zone,Boloso Sore-Wereda
"S.N.N.P. Region",Wolayita-Zone,Damot Gale-Wereda
"S.N.N.P. Region",Wolayita-Zone,Damot Woyide-Wereda
"S.N.N.P. Region",Wolayita-Zone,Humbo-Wereda
"S.N.N.P. Region",Wolayita-Zone,Sodo Zuriya-Wereda
"S.N.N.P. Region",Wolayita-Zone,Kindo Koyisha-Wereda
"S.N.N.P. Region",Wolayita-Zone,Ofa-Wereda
"S.N.N.P. Region",Wolayita-Zone,Boloso Bonibe-Wereda
"S.N.N.P. Region",Wolayita-Zone,Damot Sore-Wereda
"S.N.N.P. Region",Wolayita-Zone,Kindo Didaye-Wereda
"S.N.N.P. Region",Wolayita-Zone,Damot Pulasa-Wereda
"S.N.N.P. Region",Wolayita-Zone,Deguna Fanigo-Wereda
"S.N.N.P. Region",Wolayita-Zone,Sodo/Town/-Wereda
"S.N.N.P. Region",South Omo-Zone,Selamago-Wereda
"S.N.N.P. Region",South Omo-Zone,Debub Ari-Wereda
"S.N.N.P. Region",South Omo-Zone,Semen Ari-Wereda
"S.N.N.P. Region",South Omo-Zone,Hamer-Wereda
"S.N.N.P. Region",South Omo-Zone,Bena Tsemay-Wereda
"S.N.N.P. Region",South Omo-Zone,Dasenech-Wereda
"S.N.N.P. Region",South Omo-Zone,Male-Wereda
"S.N.N.P. Region",South Omo-Zone,Nyangatom-Wereda
"S.N.N.P. Region",Sheka-Zone,Masha-Wereda
"S.N.N.P. Region",Sheka-Zone,Anderacha-Wereda
"S.N.N.P. Region",Sheka-Zone,Yeki-Wereda
"S.N.N.P. Region",Kefa-Zone,Sayilem-Wereda
"S.N.N.P. Region",Kefa-Zone,Gesha Deka-Wereda
"S.N.N.P. Region",Kefa-Zone,Gewata-Wereda
"S.N.N.P. Region",Kefa-Zone,Gimbo-Wereda
"S.N.N.P. Region",Kefa-Zone,Menjiwo-Wereda
"S.N.N.P. Region",Kefa-Zone,Telo-Wereda
"S.N.N.P. Region",Kefa-Zone,Cheta-Wereda
"S.N.N.P. Region",Kefa-Zone,Decha-Wereda
"S.N.N.P. Region",Kefa-Zone,Chena-Wereda
"S.N.N.P. Region",Kefa-Zone,Bita-Wereda
"S.N.N.P. Region",Kefa-Zone,Bonga/Town/-Wereda
"S.N.N.P. Region",Gamo Gofa Zone,Melekoza-Wereda
"S.N.N.P. Region",Gamo Gofa Zone,Denibu Gofa-Wereda
"S.N.N.P. Region",Gamo Gofa Zone,Kucha-Wereda
"S.N.N.P. Region",Gamo Gofa Zone,Boreda-Wereda
"S.N.N.P. Region",Gamo Gofa Zone,Mirab Abaya-Wereda
"S.N.N.P. Region",Gamo Gofa Zone,Ariba Minich Zuria-Wereda
"S.N.N.P. Region",Gamo Gofa Zone,Chenicha-Wereda
"S.N.N.P. Region",Gamo Gofa Zone,Dita-Wereda
"S.N.N.P. Region",Gamo Gofa Zone,Deramalo-Wereda
"S.N.N.P. Region",Gamo Gofa Zone,Zala-Wereda
"S.N.N.P. Region",Gamo Gofa Zone,Uba Debretsehay-Wereda
"S.N.N.P. Region",Gamo Gofa Zone,Kemba-Wereda
"S.N.N.P. Region",Gamo Gofa Zone,Bonke-Wereda
"S.N.N.P. Region",Gamo Gofa Zone,Geze Gofa Wereda
"S.N.N.P. Region",Gamo Gofa Zone,Ayida-Wereda
"S.N.N.P. Region",Gamo Gofa Zone,Arba Minch/Town/-Wereda
"S.N.N.P. Region",Gamo Gofa Zone,Sawula/Town/Wereda
"S.N.N.P. Region",Bench Maji-Zone,Sheko-Wereda
"S.N.N.P. Region",Bench Maji-Zone,Guraferda-Wereda
"S.N.N.P. Region",Bench Maji-Zone,Debub Bench-Wereda
"S.N.N.P. Region",Bench Maji-Zone,Shay Bench-Wereda
"S.N.N.P. Region",Bench Maji-Zone,Meinit Goldeya-Wereda
"S.N.N.P. Region",Bench Maji-Zone,Meinit Shasha-Wereda
"S.N.N.P. Region",Bench Maji-Zone,Maji-Wereda
"S.N.N.P. Region",Bench Maji-Zone,Bero-Wereda
"S.N.N.P. Region",Bench Maji-Zone,Surima-Wereda
"S.N.N.P. Region",Bench Maji-Zone,Semen Bench-Wereda
"S.N.N.P. Region",Bench Maji-Zone,Mizan Aman/Town/-Wereda
"S.N.N.P. Region",Bench Maji-Zone,Yem Special-Wereda
"S.N.N.P. Region",Bench Maji-Zone,Amaro Special-Wereda
"S.N.N.P. Region",Bench Maji-Zone,Burji Special-Wereda
"S.N.N.P. Region",Bench Maji-Zone,Konso Special-Wereda
"S.N.N.P. Region",Bench Maji-Zone,Derashe Special-Wereda
"S.N.N.P. Region",Dawuro-Zone,Tocha-Wereda
"S.N.N.P. Region",Dawuro-Zone,Mareka-Wereda
"S.N.N.P. Region",Dawuro-Zone,Loma-Wereda
"S.N.N.P. Region",Dawuro-Zone,Gena Bosa-Wereda
"S.N.N.P. Region",Dawuro-Zone,Isara-Wereda
"S.N.N.P. Region",Dawuro-Zone,Basketo Special-Wereda
"S.N.N.P. Region",Dawuro-Zone,Konta Special-Wereda
"S.N.N.P. Region",Siltie-Zone,Alicho Werero-Wereda
"S.N.N.P. Region",Siltie-Zone,Siltie-Wereda
"S.N.N.P. Region",Siltie-Zone,Lanfuro-Wereda
"S.N.N.P. Region",Siltie-Zone,Mirab Azernet Berbere-Wereda
"S.N.N.P. Region",Siltie-Zone,Dalocha-Wereda
"S.N.N.P. Region",Siltie-Zone,Sankura-Wereda
"S.N.N.P. Region",Siltie-Zone,Misirak Azerenet Berbere-Wereda
"S.N.N.P. Region",Siltie-Zone,Wilbareg-Wereda
"S.N.N.P. Region",Siltie-Zone,Alaba Special-Wereda
"S.N.N.P. Region",Hawassa City Administration-Zone,Hawassa City Administration-Wereda
Harari Region,Harari-All Zone,Harari-All Wereda
Gambela Region,Agnewak-Zone,Gambella Zuriya-Wereda
Gambela Region,Agnewak-Zone,Abobo-Wereda
Gambela Region,Agnewak-Zone,Gog-Wereda
Gambela Region,Agnewak-Zone,Jor-Wereda
Gambela Region,Agnewak-Zone,Dima-Wereda
Gambela Region,Agnewak-Zone,Gambela/Town/-Wereda
Gambela Region,Nuwer-Zone,Lare-Wereda
Gambela Region,Nuwer-Zone,Jikawo-Wereda
Gambela Region,Nuwer-Zone,Wantawo-Wereda
Gambela Region,Nuwer-Zone,Akobo-Wereda
Gambela Region,Mejenger-Zone,Godare-Wereda
Gambela Region,Mejenger-Zone,Mengesh-Wereda
Gambela Region,Mejenger-Zone,Etang Special-Wereda
Somali Region,Shinile-Zone,Ayisha-Wereda
Somali Region,Shinile-Zone,Denbel-Wereda
Somali Region,Shinile-Zone,Shinile-Wereda
Somali Region,Shinile-Zone,Erer-Wereda
Somali Region,Shinile-Zone,Mulo-Wereda
Somali Region,Shinile-Zone,Afdem-Wereda
Somali Region,Jijiga-Zone,Babile-Wereda
Somali Region,Jijiga-Zone,Gursum-Wereda
Somali Region,Jijiga-Zone,Jijiga-Wereda
Somali Region,Jijiga-Zone,Awubere-Wereda
Somali Region,Jijiga-Zone,Kebri Beyah-Wereda
Somali Region,Jijiga-Zone,Harshin-Wereda
Somali Region,Degehabur-Zone,Degehamedo-Wereda
Somali Region,Degehabur-Zone,Degehabur-Wereda
Somali Region,Degehabur-Zone,Aware-Wereda
Somali Region,Degehabur-Zone,Gashamo-Wereda
Somali Region,Degehabur-Zone,Gunagudo-Wereda
Somali Region,Warder-Zone,Danot-Wereda
Somali Region,Warder-Zone,Boh-Wereda
Somali Region,Warder-Zone,Geladin-Wereda
Somali Region,Warder-Zone,Warder-Wereda
Somali Region,Korahe-Zone,Shekosh-Wereda
Somali Region,Korahe-Zone,Kebridehar-Wereda
Somali Region,Korahe-Zone,Shilabo-Wereda
Somali Region,Korahe-Zone,Debewoin-Wereda
Somali Region,Fik-Zone,Selehad-Wereda
Somali Region,Fik-Zone,Fik-Wereda
Somali Region,Fik-Zone,Gerbo-Wereda
Somali Region,Fik-Zone,Hamero-Wereda
Somali Region,Fik-Zone,Segeg-Wereda
Somali Region,Fik-Zone,Dihun-Wereda
Somali Region,Fik-Zone,Legehida-Wereda
Somali Region,Fik-Zone,Meyu Muluke-Wereda
Somali Region,Gode-Zone,Imiberi-Wereda
Somali Region,Gode-Zone,Adadilo-Wereda
Somali Region,Gode-Zone,Danan-Wereda
Somali Region,Gode-Zone,Gode-Wereda
Somali Region,Gode-Zone,Kelafo-Wereda
Somali Region,Gode-Zone,Mustahil-Wereda
Somali Region,Gode-Zone,Ferfer-Wereda
Somali Region,Afder-Zone,Guradamole-Wereda
Somali Region,Afder-Zone,Weyib-Wereda
Somali Region,Afder-Zone,Goro Bekeksa-Wereda
Somali Region,Afder-Zone,Serer-Wereda
Somali Region,Afder-Zone,Mirab Imi-Wereda
Somali Region,Afder-Zone,Afker-Wereda
Somali Region,Afder-Zone,Bare-Wereda
Somali Region,Afder-Zone,Bdolobay-Wereda
Somali Region,Afder-Zone,Kersa Dula Wereda
Somali Region,Liben-Zone,Filtu-Wereda
Somali Region,Liben-Zone,Dolo Odo-Wereda
Somali Region,Liben-Zone,Moyale-Wereda
Somali Region,Liben-Zone,Udet-Wereda
